Owatonna Supercenter,https://www.walmart.com/store/982/owatonna-mn/details,1130 W Frontage Rd,Owatonna,MN,55060,US,507-455-0049,,,,,,,"monday - friday : 00:00-24:00, saturday : 00:00-24:00, sunday : 00:00-24:00",44.097971,-93.249726,,,,,
Albert Lea Supercenter,https://www.walmart.com/store/1020/albert-lea-mn/details,1550 Blake Ave,Albert Lea,MN,56007,US,507-377-2998,,,,,,,"monday - friday : 00:00-24:00, saturday : 00:00-24:00, sunday : 00:00-24:00",43.664017,-93.325601,,,,,
Waseca Supercenter,https://www.walmart.com/store/1038/waseca-mn/details,2103 State St N,Waseca,MN,56093,US,507-835-2250,,,,,,,"monday - friday : 06:00-01:00, saturday : 06:00-01:00, sunday : 06:00-01:00",44.097475,-93.509965,,,,,
Mankato Supercenter,https://www.walmart.com/store/1473/mankato-mn/details,1881 E Madison Ave,Mankato,MN,56001,US,507-625-9318,,,,,,,"monday - friday : 00:00-24:00, saturday : 00:00-24:00, sunday : 00:00-24:00",44.163908,-93.950642,,,,,
Willmar Supercenter,https://www.walmart.com/store/1470/willmar-mn/details,700 19th Ave Se,Willmar,MN,56201,US,320-231-3456,,,,,,,"monday - friday : 00:00-24:00, saturday : 00:00-24:00, sunday : 00:00-24:00",45.100793,-95.035261,,,,,
Hastings Supercenter,https://www.walmart.com/store/1472/hastings-mn/details,1752 No. Frontage,Hastings,MN,55033,US,651-438-2400,,,,,,,"monday - friday : 00:00-24:00, saturday : 00:00-24:00, sunday : 00:00-24:00",44.74111,-92.89188,,,,,
Coon Rapids Store,https://www.walmart.com/store/1562/coon-rapids-mn/details,13020 Riverdale Dr Nw,Coon Rapids,MN,55448,US,763-421-2622,,,,,,,"monday - friday : 00:00-24:00, saturday : 00:00-24:00, sunday : 00:00-24:00",45.207265,-93.362063,,,,,
Buffalo Supercenter,https://www.walmart.com/store/1577/buffalo-mn/details,1315 Highway 25 N,Buffalo,MN,55313,US,763-682-2958,,,,,,,"monday - friday : 00:00-24:00, saturday : 00:00-24:00, sunday : 00:00-24:00",45.189871,-93.878478,,,,,
Grand Rapids Supercenter,https://www.walmart.com/store/1609/grand-rapids-mn/details,100 Se 29th St,Grand Rapids,MN,55744,US,218-326-9682,,,,,,,"monday - friday : 00:00-24:00, saturday : 00:00-24:00, sunday : 00:00-24:00",47.2017,-93.525989,,,,,
Dilworth Supercenter,https://www.walmart.com/store/1627/dilworth-mn/details,415 34th St N,Dilworth,MN,56529,US,218-233-9822,,,,,,,"monday - friday : 00:00-24:00, saturday : 00:00-24:00, sunday : 00:00-24:00",46.88175,-96.722497,,,,,
Little Falls Supercenter,https://www.walmart.com/store/1634/little-falls-mn/details,15091 18th St Ne,Little Falls,MN,56345,US,320-632-9268,,,,,,,"monday - friday : 00:00-24:00, saturday : 00:00-24:00, sunday : 00:00-24:00",45.980168,-94.337543,,,,,
Alexandria Supercenter,https://www.walmart.com/store/1632/alexandria-mn/details,4611 State Highway 29 S,Alexandria,MN,56308,US,320-762-8945,,,,,,,"monday - friday : 00:00-24:00, saturday : 00:00-24:00, sunday : 00:00-24:00",45.84835,-95.382454,,,,,
Sartell Supercenter,https://www.walmart.com/store/1633/sartell-mn/details,21 County Road 120,Sartell,MN,56377,US,320-259-1527,,,,,,,"monday - friday : 00:00-24:00, saturday : 00:00-24:00, sunday : 00:00-24:00",45.592684,-94.187303,,,,,
Faribault Supercenter,https://www.walmart.com/store/1657/faribault-mn/details,150 Western Ave Nw,Faribault,MN,55021,US,507-332-0232,,,,,,,"monday - friday : 00:00-24:00, saturday : 00:00-24:00, sunday : 00:00-24:00",44.290001,-93.306053,,,,,
Baxter Supercenter,https://www.walmart.com/store/1654/baxter-mn/details,7295 Glory Rd,Baxter,MN,56425,US,218-829-2220,,,,,,,"monday - friday : 00:00-24:00, saturday : 00:00-24:00, sunday : 00:00-24:00",46.341881,-94.249555,,,,,
Fergus Falls Supercenter,https://www.walmart.com/store/1696/fergus-falls-mn/details,3300 State Highway 210 W,Fergus Falls,MN,56537,US,218-739-5552,,,,,,,"monday - friday : 00:00-24:00, saturday : 00:00-24:00, sunday : 00:00-24:00",46.292561,-96.12436,,,,,
Marshall Supercenter,https://www.walmart.com/store/1722/marshall-mn/details,1221 E Main St,Marshall,MN,56258,US,507-532-9383,,,,,,,"monday - friday : 00:00-24:00, saturday : 00:00-24:00, sunday : 00:00-24:00",44.432426,-95.766785,,,,,
Hutchinson Supercenter,https://www.walmart.com/store/1738/hutchinson-mn/details,1300 Highway 15 S,Hutchinson,MN,55350,US,320-587-1020,,,,,,,"monday - friday : 00:00-24:00, saturday : 00:00-24:00, sunday : 00:00-24:00",44.8717545,-94.3788858,,,,,
Hermantown Supercenter,https://www.walmart.com/store/1757/hermantown-mn/details,4740 Mall Dr,Hermantown,MN,55811,US,218-727-1310,,,,,,,"monday - friday : 00:00-24:00, saturday : 00:00-24:00, sunday : 00:00-24:00",46.817374,-92.18404,,,,,
Eagan Store,https://www.walmart.com/store/1786/eagan-mn/details,1360 Town Centre Dr,Eagan,MN,55123,US,651-686-7428,,,,,,,"monday - friday : 00:00-24:00, saturday : 00:00-24:00, sunday : 00:00-24:00",44.828515,-93.161911,,,,,
Eden Prairie Supercenter,https://www.walmart.com/store/1855/eden-prairie-mn/details,12195 Singletree Ln,Eden Prairie,MN,55344,US,952-829-9040,,,,,,,"monday - friday : 00:00-24:00, saturday : 00:00-24:00, sunday : 00:00-24:00",44.8562449,-93.431226,,,,,
Oak Park Heights Supercenter,https://www.walmart.com/store/1861/oak-park-heights-mn/details,5815 Norell Ave N,Oak Park Heights,MN,55082,US,651-439-7476,,,,,,,"monday - friday : 00:00-24:00, saturday : 00:00-24:00, sunday : 00:00-24:00",45.032923,-92.831595,,,,,
Montevideo Supercenter,https://www.walmart.com/store/1858/montevideo-mn/details,3001 E Highway 7,Montevideo,MN,56265,US,320-269-5390,,,,,,,"monday - friday : 00:00-24:00, saturday : 00:00-24:00, sunday : 00:00-24:00",44.951553,-95.689822,,,,,
Redwood Falls Supercenter,https://www.walmart.com/store/1865/redwood-falls-mn/details,1410 E Bridge St,Redwood Falls,MN,56283,US,507-644-6278,,,,,,,"monday - friday : 00:00-24:00, saturday : 00:00-24:00, sunday : 00:00-24:00",44.540069,-95.087846,,,,,
Brooklyn Park Supercenter,https://www.walmart.com/store/1864/brooklyn-park-mn/details,8000 Lakeland Ave N,Brooklyn Park,MN,55445,US,763-424-4842,,,,,,,"monday - friday : 06:00-01:00, saturday : 06:00-01:00, sunday : 06:00-01:00",45.100635,-93.385189,,,,,
Cloquet Supercenter,https://www.walmart.com/store/1929/cloquet-mn/details,1308 Highway 33 S,Cloquet,MN,55720,US,218-878-0737,,,,,,,"monday - friday : 00:00-24:00, saturday : 00:00-24:00, sunday : 00:00-24:00",46.7033486,-92.4518609,,,,,
Fridley Supercenter,https://www.walmart.com/store/1952/fridley-mn/details,8450 University Ave Ne,Fridley,MN,55432,US,763-780-9400,,,,,,,"monday - friday : 06:00-24:00, saturday : 06:00-24:00, sunday : 06:00-24:00",45.121055,-93.265533,,,,,
Rochester Supercenter,https://www.walmart.com/store/1971/rochester-mn/details,3400 55th St Nw,Rochester,MN,55901,US,507-280-7733,,,,,,,"monday - friday : 00:00-24:00, saturday : 00:00-24:00, sunday : 00:00-24:00",44.07697,-92.511312,,,,,
Andover Supercenter,https://www.walmart.com/store/1999/andover-mn/details,1851 Bunker Lake Blvd Nw,Andover,MN,55304,US,763-354-1559,,,,,,,"monday - friday : 06:00-23:00, saturday : 06:00-23:00, sunday : 06:00-23:00",45.221466,-93.31249,,,,,
Vadnais Heights Supercenter,https://www.walmart.com/store/2087/vadnais-heights-mn/details,850 East County Rd E,Vadnais Heights,MN,55127,US,651-486-7001,,,,,,,"monday - friday : 07:00-23:00, saturday : 07:00-23:00, sunday : 07:00-23:00",45.049086,-93.064426,,,,,
Bloomington Supercenter,https://www.walmart.com/store/2198/bloomington-mn/details,700 American Blvd E,Bloomington,MN,55420,US,952-854-5600,,,,,,,"monday - friday : 06:00-01:00, saturday : 06:00-01:00, sunday : 06:00-01:00",44.860771,-93.265676,,,,,
Forest Lake Supercenter,https://www.walmart.com/store/2274/forest-lake-mn/details,200 12th St Sw,Forest Lake,MN,55025,US,651-464-9740,,,,,,,"monday - friday : 00:00-24:00, saturday : 00:00-24:00, sunday : 00:00-24:00",45.276821,-93.001975,,,,,
Cambridge Supercenter,https://www.walmart.com/store/2352/cambridge-mn/details,2101 2nd Ave Se,Cambridge,MN,55008,US,763-689-0606,,,,,,,"monday - friday : 00:00-24:00, saturday : 00:00-24:00, sunday : 00:00-24:00",45.570271,-93.197832,,,,,
Pine City Supercenter,https://www.walmart.com/store/2367/pine-city-mn/details,950 11th St Sw,Pine City,MN,55063,US,320-629-5845,,,,,,,"monday - friday : 00:00-24:00, saturday : 00:00-24:00, sunday : 00:00-24:00",45.8174186,-92.9769429,,,,,
Cottage Grove Supercenter,https://www.walmart.com/store/2448/cottage-grove-mn/details,9300 East Point Douglas Rd S,Cottage Grove,MN,55016,US,651-846-2831,,,,,,,"monday - friday : 00:00-24:00, saturday : 00:00-24:00, sunday : 00:00-24:00",44.810716,-92.918766,,,,,
Woodbury Supercenter,https://www.walmart.com/store/2643/woodbury-mn/details,10240 Hudson Rd,Woodbury,MN,55129,US,651-735-5181,,,,,,,"monday - friday : 06:00-23:00, saturday : 06:00-23:00, sunday : 06:00-23:00",44.946338,-92.896855,,,,,
Apple Valley Supercenter,https://www.walmart.com/store/2642/apple-valley-mn/details,7835 150th St W,Apple Valley,MN,55124,US,952-431-9700,,,,,,,"monday - friday : 00:00-24:00, saturday : 00:00-24:00, sunday : 00:00-24:00",44.734376,-93.224698,,,,,
Rochester Supercenter,https://www.walmart.com/store/2812/rochester-mn/details,25 25th St Se,Rochester,MN,55904,US,507-292-0909,,,,,,,"monday - friday : 00:00-24:00, saturday : 00:00-24:00, sunday : 00:00-24:00",43.986706,-92.459468,,,,,
Worthington Supercenter,https://www.walmart.com/store/2820/worthington-mn/details,1055 Ryans Rd,Worthington,MN,56187,US,507-376-6446,,,,,,,"monday - friday : 00:00-24:00, saturday : 00:00-24:00, sunday : 00:00-24:00",43.636684,-95.601827,,,,,
Maple Grove Supercenter,https://www.walmart.com/store/2882/maple-grove-mn/details,9451 Dunkirk Ln N,Maple Grove,MN,55311,US,763-420-3500,,,,,,,"monday - friday : 00:00-24:00, saturday : 00:00-24:00, sunday : 00:00-24:00",45.126054,-93.494365,,,,,
Hibbing Supercenter,https://www.walmart.com/store/2937/hibbing-mn/details,12080 Highway 169 W,Hibbing,MN,55746,US,218-262-2351,,,,,,,"monday - friday : 00:00-24:00, saturday : 00:00-24:00, sunday : 00:00-24:00",47.397667,-92.960236,,,,,
Detroit Lakes Supercenter,https://www.walmart.com/store/2957/detroit-lakes-mn/details,1583 Highway 10 W,Detroit Lakes,MN,56501,US,218-847-1126,,,,,,,"monday - friday : 00:00-24:00, saturday : 00:00-24:00, sunday : 00:00-24:00",46.825569,-95.877746,,,,,
St Cloud Supercenter,https://www.walmart.com/store/3088/st-cloud-mn/details,3601 2nd St South,St Cloud,MN,56301,US,320-345-9810,,,,,,,"monday - friday : 00:00-24:00, saturday : 00:00-24:00, sunday : 00:00-24:00",45.550514,-94.202169,,,,,
Princeton Supercenter,https://www.walmart.com/store/3102/princeton-mn/details,300 21st Ave N,Princeton,MN,55371,US,763-389-7821,,,,,,,"monday - friday : 00:00-24:00, saturday : 00:00-24:00, sunday : 00:00-24:00",45.572118,-93.60227,,,,,
Elk River Supercenter,https://www.walmart.com/store/3209/elk-river-mn/details,18185 Zane St Nw,Elk River,MN,55330,US,763-441-3461,,,,,,,"monday - friday : 00:00-24:00, saturday : 00:00-24:00, sunday : 00:00-24:00",45.30054,-93.549071,,,,,
Bemidji Supercenter,https://www.walmart.com/store/3233/bemidji-mn/details,2025 Paul Bunyan Dr Nw,Bemidji,MN,56601,US,218-755-6120,,,,,,,"monday - friday : 00:00-24:00, saturday : 00:00-24:00, sunday : 00:00-24:00",47.4966,-94.908205,,,,,
Saint Paul Supercenter,https://www.walmart.com/store/3364/saint-paul-mn/details,1644 Robert St S,Saint Paul,MN,55118,US,651-453-0343,,,,,,,"monday - friday : 07:00-23:00, saturday : 07:00-23:00, sunday : 07:00-23:00",44.897067,-93.077455,,,,,
Roseville Supercenter,https://www.walmart.com/store/3404/roseville-mn/details,1960 Twin Lakes Parkway,Roseville,MN,55113,US,612-788-1303,,,,,,,"monday - friday : 06:00-24:00, saturday : 06:00-24:00, sunday : 06:00-24:00",45.021718,-93.183443,,,,,
Blaine Supercenter,https://www.walmart.com/store/3498/blaine-mn/details,4369 Ball Road Ne,Blaine,MN,55014,US,763-784-0147,,,,,,,"monday - friday : 00:00-24:00, saturday : 00:00-24:00, sunday : 00:00-24:00",45.1599696,-93.1597977,,,,,
Shakopee Supercenter,https://www.walmart.com/store/3513/shakopee-mn/details,8101 Old Carriage Ct,Shakopee,MN,55379,US,952-445-8013,,,,,,,"monday - friday : 00:00-24:00, saturday : 00:00-24:00, sunday : 00:00-24:00",44.77931,-93.417731,,,,,
Red Wing Supercenter,https://www.walmart.com/store/3534/red-wing-mn/details,295 Tyler Rd S,Red Wing,MN,55066,US,651-385-0003,,,,,,,"monday - friday : 00:00-24:00, saturday : 00:00-24:00, sunday : 00:00-24:00",44.563101,-92.581983,,,,,
Monticello Supercenter,https://www.walmart.com/store/3624/monticello-mn/details,9320 Cedar St,Monticello,MN,55362,US,763-295-9800,,,,,,,"monday - friday : 00:00-24:00, saturday : 00:00-24:00, sunday : 00:00-24:00",45.284181,-93.801838,,,,,
New Ulm Supercenter,https://www.walmart.com/store/3760/new-ulm-mn/details,1720 Westridge Rd,New Ulm,MN,56073,US,507-354-0900,,,,,,,"monday - friday : 06:00-23:00, saturday : 06:00-23:00, sunday : 06:00-23:00",44.328703,-94.505311,,,,,
Thief River Falls Supercenter,https://www.walmart.com/store/3761/thief-river-falls-mn/details,1755 Highway 59 S,Thief River Falls,MN,56701,US,218-683-3643,,,,,,,"monday - friday : 00:00-24:00, saturday : 00:00-24:00, sunday : 00:00-24:00",48.11233,-96.150001,,,,,
Crookston Supercenter,https://www.walmart.com/store/3758/crookston-mn/details,1930 Sahlstrom Dr,Crookston,MN,56716,US,218-281-2970,,,,,,,"monday - friday : 00:00-24:00, saturday : 00:00-24:00, sunday : 00:00-24:00",47.791576,-96.607311,,,,,
Fairmont Supercenter,https://www.walmart.com/store/3806/fairmont-mn/details,1250 Goemann Rd,Fairmont,MN,56031,US,507-235-2500,,,,,,,"monday - friday : 00:00-24:00, saturday : 00:00-24:00, sunday : 00:00-24:00",43.681934,-94.444776,,,,,
Park Rapids Supercenter,https://www.walmart.com/store/4244/park-rapids-mn/details,1303 Charles St,Park Rapids,MN,56470,US,218-732-0339,,,,,,,"monday - friday : 00:00-24:00, saturday : 00:00-24:00, sunday : 00:00-24:00",46.925379,-95.033631,,,,,
Wadena Supercenter,https://www.walmart.com/store/4246/wadena-mn/details,100 Juniper Ave,Wadena,MN,56482,US,218-631-1068,,,,,,,"monday - friday : 00:00-24:00, saturday : 00:00-24:00, sunday : 00:00-24:00",46.453235,-95.127366,,,,,
Sauk Centre Supercenter,https://www.walmart.com/store/4253/sauk-centre-mn/details,205 12th St S,Sauk Centre,MN,56378,US,320-352-7954,,,,,,,"monday - friday : 00:00-24:00, saturday : 00:00-24:00, sunday : 00:00-24:00",45.720665,-94.947005,,,,,
Austin Supercenter,https://www.walmart.com/store/4257/austin-mn/details,1000 18th Ave Nw,Austin,MN,55912,US,507-434-8159,,,,,,,"monday - friday : 00:00-24:00, saturday : 00:00-24:00, sunday : 00:00-24:00",43.6878184,-92.9872555,,,,,
Litchfield Supercenter,https://www.walmart.com/store/4374/litchfield-mn/details,2301 East Frontage Road,Litchfield,MN,55355,US,320-693-1022,,,,,,,"monday - friday : 00:00-24:00, saturday : 00:00-24:00, sunday : 00:00-24:00",45.1210736,-94.4907311,,,,,
Mountain Iron Supercenter,https://www.walmart.com/store/4849/mountain-iron-mn/details,8580 Rock Ridge Dr,Mountain Iron,MN,55768,US,218-305-3314,,,,,,,"monday - friday : 06:00-24:00, saturday : 06:00-24:00, sunday : 06:00-24:00",47.5229841,-92.5910689,,,,,
Inver Grove Heights Store,https://www.walmart.com/store/5089/inver-grove-heights-mn/details,9165 Cahill Ave,Inver Grove Heights,MN,55076,US,651-451-3975,,,,,,,"monday - friday : 07:00-23:00, saturday : 07:00-23:00, sunday : 07:00-23:00",44.816501,-93.04036,,,,,
Winona Supercenter,https://www.walmart.com/store/5397/winona-mn/details,955 Frontenac Dr,Winona,MN,55987,US,507-452-0102,,,,,,,"monday - friday : 00:00-24:00, saturday : 00:00-24:00, sunday : 00:00-24:00",44.032852,-91.617418,,,,,
Saint Paul Store,https://www.walmart.com/store/5437/saint-paul-mn/details,1450 University Ave W,Saint Paul,MN,55104,US,651-644-0020,,,,,,,"monday - friday : 07:00-23:00, saturday : 07:00-23:00, sunday : 07:00-23:00",44.954886,-93.161045,,,,,
Brooklyn Center Supercenter,https://www.walmart.com/store/5625/brooklyn-center-mn/details,1200 Shingle Creek Crossing,Brooklyn Center,MN,55430,US,763-354-1941,,,,,,,"monday - friday : 06:00-24:00, saturday : 06:00-24:00, sunday : 06:00-24:00",45.0563683,-93.3162617,,,,,
Blaine Supercenter,https://www.walmart.com/store/5976/blaine-mn/details,11505 Ulysses St Ne,Blaine,MN,55434,US,763-354-1979,,,,,,,"monday - friday : 00:00-24:00, saturday : 00:00-24:00, sunday : 00:00-24:00",45.1797455,-93.2390135,,,,,
Burnsville Supercenter,https://www.walmart.com/store/5977/burnsville-mn/details,12200 River Ridge Blvd,Burnsville,MN,55337,US,952-356-0018,,,,,,,"monday - friday : 00:00-24:00, saturday : 00:00-24:00, sunday : 00:00-24:00",44.781099,-93.286082,,,,,
Lakeville Supercenter,https://www.walmart.com/store/5992/lakeville-mn/details,20710 Keokuk Ave,Lakeville,MN,55044,US,612-354-5927,,,,,,,"monday - friday : 00:00-24:00, saturday : 00:00-24:00, sunday : 00:00-24:00",44.6504,-93.297113,,,,,
